{"cameraMode":{"drawMode":0,"name":"Shaded","section":"Shading Mode"},"sceneLighting":true,"audioPlay":false,"sceneViewState":{"m_AlwaysRefresh":false,"showFog":true,"showSkybox":true,"showFlares":true,"showImageEffects":true,"showParticleSystems":true,"showVisualEffectGraphs":true,"m_FxEnabled":true},"in2DMode":false,"pivot":{"x":2.8732709884643556,"y":3.319690465927124,"z":28.57561683654785},"rotation":{"x":-0.0059999884106218819,"y":9.555382263215506e-9,"z":2.7486966036605055e-9,"w":0.9999815225601196},"size":22.489103317260743,"orthographic":false}